accuracy,misclassification_rate,precision,recall,auc,model,dataset,k,setting
0.8288039306003377,0.17119606939966225,0.6940874035989717,0.5165816326530612,0.8722839628773653,CNN_1D_PyTorch,k=2,2,Mixed_QI
0.8288039306003377,0.17119606939966225,0.6921119592875318,0.5204081632653061,0.871742677101174,CNN_1D_PyTorch,k=5,5,Mixed_QI
0.8289574696760326,0.17104253032396743,0.6910774410774411,0.5235969387755102,0.8727734673242402,CNN_1D_PyTorch,k=10,10,Mixed_QI
0.828036235221864,0.17196376477813602,0.6944444444444444,0.5102040816326531,0.8713519634345145,CNN_1D_PyTorch,k=20,20,Mixed_QI
0.8272685398433901,0.1727314601566099,0.6911130284728214,0.5108418367346939,0.8718745486060956,CNN_1D_PyTorch,k=50,50,Mixed_QI
0.8284968524489482,0.17150314755105178,0.6896551724137931,0.5229591836734694,0.8723241369348548,CNN_1D_PyTorch,k=100,100,Mixed_QI
