accuracy,misclassification_rate,precision,recall,auc,model,dataset,k,setting
0.8570551205281745,0.14294487947182555,0.7621399176954733,0.5905612244897959,0.9136406079115165,CNN_1D_PyTorch,original,0,Numeric_QI
0.8324888684170121,0.16751113158298792,0.6882399368587214,0.5561224489795918,0.8789131337570417,CNN_1D_PyTorch,k=2,2,Numeric_QI
0.833870720098265,0.16612927990173498,0.686923076923077,0.5695153061224489,0.878451164338334,CNN_1D_PyTorch,k=5,5,Numeric_QI
0.8331030247197911,0.16689697528020886,0.6865787432117921,0.5644132653061225,0.8793364767545035,CNN_1D_PyTorch,k=10,10,Numeric_QI
0.8331030247197911,0.16689697528020886,0.6840091813312931,0.5701530612244898,0.8790802784713482,CNN_1D_PyTorch,k=20,20,Numeric_QI
0.8326424074927069,0.1673575925072931,0.6852713178294574,0.5637755102040817,0.8785861311157425,CNN_1D_PyTorch,k=50,50,Numeric_QI
0.8349454936281283,0.1650545063718717,0.7018837018837019,0.5465561224489796,0.8796447787911928,CNN_1D_PyTorch,k=100,100,Numeric_QI
